{
  "accuracy": 0.967,
  "precision": 0.9669367483391366,
  "recall": 0.967,
  "f1_score": 0.9662459706782499,
  "roc_auc": 0.9845776478232617,
  "confusion_matrix": [
    [
      804,
      6
    ],
    [
      27,
      163
    ]
  ],
  "per_class": {
    "0": {
      "precision": 0.9675090252707581,
      "recall": 0.9925925925925926,
      "f1": 0.979890310786106
    },
    "1": {
      "precision": 0.9644970414201184,
      "recall": 0.8578947368421053,
      "f1": 0.9080779944289693
    }
  }
}