feature,importance
efficiency,0.19149783396344097
days_elapsed,0.1723430385048037
budget,0.16274989000119727
budget_efficiency,0.15068309406818442
effort_hours,0.14764229529898054
team_size,0.08475739325519424
department_encoded,0.05983663391692226
priority_encoded,0.03048982099127666
